Redshift,GR_Density,TCWT_Density
3.000000000000000000e+01,1.094527300086631794e-01,1.810279802164483365e-01
2.997497497497497321e+01,1.094607173517243431e-01,1.810100913096295283e-01
2.994994994994994997e+01,1.094687181956398164e-01,1.809920171155017243e-01
2.992492492492492318e+01,1.094767325746475450e-01,1.809737568547371001e-01
2.989989989989989994e+01,1.094847605231011461e-01,1.809553097449257408e-01
2.987487487487487314e+01,1.094928020754706577e-01,1.809366750005645952e-01
2.984984984984984990e+01,1.095008572663427604e-01,1.809178518330455954e-01
2.982482482482482311e+01,1.095089261304215134e-01,1.808988394506447772e-01
2.979979979979979987e+01,1.095170087025287287e-01,1.808796370585103452e-01
2.977477477477477308e+01,1.095251050176044294e-01,1.808602438586515704e-01
2.974974974974974984e+01,1.095332151107074603e-01,1.808406590499270217e-01
2.972472472472472305e+01,1.095413390170159595e-01,1.808208818280332975e-01
2.969969969969969981e+01,1.095494767718277612e-01,1.808009113854931460e-01
2.967467467467467301e+01,1.095576284105611448e-01,1.807807469116443078e-01
2.964964964964964977e+01,1.095657939687550569e-01,1.807603875926274140e-01
2.962462462462462298e+01,1.095739734820698336e-01,1.807398326113747455e-01
2.959959959959959974e+01,1.095821669862876435e-01,1.807190811475983261e-01
2.957457457457457295e+01,1.095903745173130162e-01,1.806981323777784865e-01
2.954954954954954971e+01,1.095985961111733548e-01,1.806769854751518189e-01
2.952452452452452292e+01,1.096068318040194778e-01,1.806556396096996031e-01
2.949949949949949968e+01,1.096150816321261462e-01,1.806340939481361763e-01
2.947447447447447288e+01,1.096233456318925770e-01,1.806123476538968875e-01
2.944944944944944965e+01,1.096316238398430259e-01,1.805903998871264959e-01
2.942442442442442285e+01,1.096399162926272597e-01,1.805682498046670692e-01
2.939939939939939961e+01,1.096482230270211383e-01,1.805458965600464372e-01
2.937437437437437282e+01,1.096565440799271152e-01,1.805233393034659517e-01
2.934934934934934958e+01,1.096648794883748473e-01,1.805005771817889126e-01
2.932432432432432279e+01,1.096732292895217092e-01,1.804776093385283553e-01
2.929929929929929955e+01,1.096815935206533199e-01,1.804544349138352544e-01
2.927427427427427276e+01,1.096899722191841120e-01,1.804310530444863114e-01
2.924924924924924952e+01,1.096983654226579286e-01,1.804074628638722699e-01
2.922422422422422272e+01,1.097067731687485087e-01,1.803836635019855916e-01
2.919919919919919948e+01,1.097151954952601538e-01,1.803596540854085495e-01
2.917417417417417269e+01,1.097236324401281299e-01,1.803354337373009875e-01
2.914914914914914945e+01,1.097320840414194171e-01,1.803110015773884689e-01
2.912412412412412266e+01,1.097405503373331537e-01,1.802863567219498697e-01
2.909909909909909942e+01,1.097490313662012884e-01,1.802614982838054158e-01
2.907407407407407263e+01,1.097575271664891078e-01,1.802364253723043874e-01
2.904904904904904939e+01,1.097660377767958328e-01,1.802111370933131007e-01
2.902402402402402259e+01,1.097745632358551743e-01,1.801856325492023903e-01
2.899899899899899935e+01,1.097831035825360124e-01,1.801599108388357018e-01
2.897397397397397256e+01,1.097916588558428413e-01,1.801339710575565745e-01
2.894894894894894932e+01,1.098002290949164905e-01,1.801078122971765394e-01
2.892392392392392253e+01,1.098088143390346660e-01,1.800814336459626852e-01
2.889889889889889929e+01,1.098174146276125196e-01,1.800548341886255010e-01
2.887387387387387250e+01,1.098260300002033285e-01,1.800280130063063311e-01
2.884884884884884926e+01,1.098346604964990231e-01,1.800009691765651620e-01
2.882382382382382247e+01,1.098433061563308250e-01,1.799737017733682720e-01
2.879879879879879923e+01,1.098519670196698855e-01,1.799462098670756571e-01
2.877377377377377243e+01,1.098606431266278549e-01,1.799184925244287914e-01
2.874874874874874919e+01,1.098693345174575065e-01,1.798905488085381643e-01
2.872372372372372240e+01,1.098780412325534028e-01,1.798623777788707356e-01
2.869869869869869916e+01,1.098867633124524928e-01,1.798339784912376393e-01
2.867367367367367237e+01,1.098955007978346804e-01,1.798053499977814718e-01
2.864864864864864913e+01,1.099042537295235600e-01,1.797764913469640513e-01
2.862362362362362234e+01,1.099130221484869580e-01,1.797474015835536787e-01
2.859859859859859910e+01,1.099218060958376680e-01,1.797180797486127024e-01
2.857357357357357230e+01,1.099306056128339926e-01,1.796885248794850842e-01
2.854854854854854906e+01,1.099394207408804225e-01,1.796587360097836039e-01
2.852352352352352227e+01,1.099482515215283451e-01,1.796287121693775080e-01
2.849849849849849903e+01,1.099570979964765993e-01,1.795984523843797698e-01
2.847347347347347224e+01,1.099659602075721693e-01,1.795679556771345442e-01
2.844844844844844900e+01,1.099748381968108646e-01,1.795372210662045664e-01
2.842342342342342221e+01,1.099837320063379864e-01,1.795062475663585233e-01
2.839839839839839897e+01,1.099926416784489103e-01,1.794750341885583689e-01
2.837337337337337217e+01,1.100015672555898771e-01,1.794435799399468068e-01
2.834834834834834894e+01,1.100105087803585624e-01,1.794118838238343283e-01
2.832332332332332214e+01,1.100194662955048391e-01,1.793799448396870833e-01
2.829829829829829890e+01,1.100284398439313471e-01,1.793477619831134739e-01
2.827327327327327211e+01,1.100374294686942839e-01,1.793153342458521093e-01
2.824824824824824887e+01,1.100464352130040152e-01,1.792826606157587599e-01
2.822322322322322208e+01,1.100554571202258664e-01,1.792497400767937565e-01
2.819819819819819884e+01,1.100644952338806909e-01,1.792165716090092509e-01
2.817317317317317205e+01,1.100735495976456202e-01,1.791831541885364198e-01
2.814814814814814881e+01,1.100826202553547850e-01,1.791494867875729202e-01
2.812312312312312201e+01,1.100917072510000372e-01,1.791155683743699822e-01
2.809809809809809877e+01,1.101008106287315880e-01,1.790813979132196976e-01
2.807307307307307198e+01,1.101099304328587714e-01,1.790469743644423350e-01
2.804804804804804874e+01,1.101190667078507657e-01,1.790122966843735175e-01
2.802302302302302195e+01,1.101282194983373153e-01,1.789773638253515098e-01
2.799799799799799871e+01,1.101373888491093550e-01,1.789421747357044512e-01
2.797297297297297192e+01,1.101465748051199400e-01,1.789067283597375324e-01
2.794794794794794868e+01,1.101557774114848010e-01,1.788710236377203944e-01
2.792292292292292188e+01,1.101649967134831209e-01,1.788350595058741110e-01
2.789789789789789864e+01,1.101742327565583546e-01,1.787988348963586160e-01
2.787287287287287185e+01,1.101834855863188800e-01,1.787623487372598796e-01
2.784784784784784861e+01,1.101927552485387762e-01,1.787255999525771133e-01
2.782282282282282182e+01,1.102020417891586279e-01,1.786885874622100856e-01
2.779779779779779858e+01,1.102113452542861638e-01,1.786513101819461879e-01
2.777277277277277179e+01,1.102206656901971726e-01,1.786137670234479446e-01
2.774774774774774855e+01,1.102300031433361138e-01,1.785759568942398845e-01
2.772272272272272176e+01,1.102393576603170333e-01,1.785378786976961618e-01
2.769769769769769852e+01,1.102487292879241743e-01,1.784995313330275668e-01
2.767267267267267172e+01,1.102581180731129207e-01,1.784609136952688413e-01
2.764764764764764848e+01,1.102675240630105052e-01,1.784220246752660222e-01
2.762262262262262169e+01,1.102769473049166893e-01,1.783828631596634795e-01
2.759759759759759845e+01,1.102863878463048036e-01,1.783434280308915376e-01
2.757257257257257166e+01,1.102958457348222759e-01,1.783037181671534022e-01
2.754754754754754842e+01,1.103053210182916022e-01,1.782637324424127534e-01
2.752252252252252163e+01,1.103148137447111377e-01,1.782234697263808676e-01
2.749749749749749839e+01,1.103243239622558047e-01,1.781829288845039605e-01
2.747247247247247159e+01,1.103338517192779672e-01,1.781421087779505308e-01
2.744744744744744835e+01,1.103433970643082906e-01,1.781010082635988145e-01
2.742242242242242156e+01,1.103529600460565335e-01,1.780596261940239067e-01
2.739739739739739832e+01,1.103625407134122965e-01,1.780179614174853264e-01
2.737237237237237153e+01,1.103721391154459525e-01,1.779760127779142498e-01
2.734734734734734829e+01,1.103817553014094649e-01,1.779337791149011305e-01
2.732232232232232150e+01,1.103913893207372071e-01,1.778912592636828771e-01
2.729729729729729826e+01,1.104010412230467530e-01,1.778484520551303349e-01
2.727227227227227146e+01,1.104107110581398765e-01,1.778053563157359629e-01
2.724724724724724823e+01,1.104203988760032451e-01,1.777619708676009824e-01
2.722222222222222143e+01,1.104301047268093500e-01,1.777182945284231375e-01
2.719719719719719819e+01,1.104398286609174495e-01,1.776743261114840378e-01
2.717217217217217140e+01,1.104495707288742079e-01,1.776300644256367800e-01
2.714714714714714816e+01,1.104593309814148744e-01,1.775855082752936243e-01
2.712212212212212137e+01,1.104691094694638942e-01,1.775406564604132820e-01
2.709709709709709813e+01,1.104789062441359215e-01,1.774955077764888700e-01
2.707207207207207134e+01,1.104887213567367354e-01,1.774500610145353097e-01
2.704704704704704810e+01,1.104985548587640171e-01,1.774043149610772252e-01
2.702202202202202130e+01,1.105084068019083765e-01,1.773582683981363428e-01
2.699699699699699806e+01,1.105182772380541023e-01,1.773119201032195558e-01
2.697197197197197127e+01,1.105281662192802855e-01,1.772652688493065176e-01
2.694694694694694803e+01,1.105380737978615135e-01,1.772183134048374020e-01
2.692192192192192124e+01,1.105480000262689250e-01,1.771710525337008846e-01
2.689689689689689800e+01,1.105579449571710837e-01,1.771234849952219026e-01
2.687187187187187121e+01,1.105679086434349090e-01,1.770756095441495814e-01
2.684684684684684797e+01,1.105778911381266189e-01,1.770274249306452163e-01
2.682182182182182117e+01,1.105878924945126740e-01,1.769789299002702265e-01
2.679679679679679793e+01,1.105979127660607353e-01,1.769301231939742203e-01
2.677177177177177114e+01,1.106079520064405242e-01,1.768810035480829490e-01
2.674674674674674790e+01,1.106180102695249190e-01,1.768315696942866500e-01
2.672172172172172111e+01,1.106280876093908294e-01,1.767818203596279170e-01
2.669669669669669787e+01,1.106381840803201816e-01,1.767317542664901819e-01
2.667167167167167108e+01,1.106482997368008481e-01,1.766813701325856967e-01
2.664664664664664784e+01,1.106584346335277025e-01,1.766306666709440698e-01
2.662162162162162105e+01,1.106685888254035355e-01,1.765796425899004152e-01
2.659659659659659781e+01,1.106787623675401094e-01,1.765282965930839720e-01
2.657157157157157101e+01,1.106889553152591160e-01,1.764766273794063367e-01
2.654654654654654777e+01,1.106991677240931060e-01,1.764246336430501105e-01
2.652152152152152098e+01,1.107093996497866134e-01,1.763723140734574646e-01
2.649649649649649774e+01,1.107196511482971268e-01,1.763196673553186489e-01
2.647147147147147095e+01,1.107299222757960888e-01,1.762666921685608068e-01
2.644644644644644771e+01,1.107402130886698810e-01,1.762133871883366509e-01
2.642142142142142092e+01,1.107505236435209900e-01,1.761597510850133330e-01
2.639639639639639768e+01,1.107608539971688677e-01,1.761057825241612029e-01
2.637137137137137088e+01,1.107712042066510555e-01,1.760514801665427898e-01
2.634634634634634764e+01,1.107815743292243083e-01,1.759968426681019216e-01
2.632132132132132085e+01,1.107919644223654826e-01,1.759418686799526510e-01
2.629629629629629761e+01,1.108023745437727303e-01,1.758865568483684583e-01
2.627127127127127082e+01,1.108128047513664838e-01,1.758309058147713988e-01
2.624624624624624403e+01,1.108232551032905938e-01,1.757749142157215561e-01
2.622122122122122079e+01,1.108337256579133012e-01,1.757185806829062447e-01
2.619619619619619755e+01,1.108442164738284996e-01,1.756619038431295743e-01
2.617117117117117076e+01,1.108547276098566237e-01,1.756048823183018193e-01
2.614614614614614396e+01,1.108652591250458563e-01,1.755475147254292601e-01
2.612112112112112072e+01,1.108758110786732254e-01,1.754897996766036639e-01
2.609609609609609748e+01,1.108863835302456996e-01,1.754317357789921816e-01
2.607107107107107069e+01,1.108969765395012852e-01,1.753733216348271062e-01
2.604604604604604390e+01,1.109075901664101915e-01,1.753145558413959360e-01
2.602102102102102066e+01,1.109182244711758997e-01,1.752554369910314380e-01
2.599599599599599742e+01,1.109288795142363421e-01,1.751959636711016011e-01
2.597097097097097063e+01,1.109395553562650544e-01,1.751361344640000872e-01
2.594594594594594383e+01,1.109502520581722440e-01,1.750759479471363789e-01
2.592092092092092059e+01,1.109609696811060808e-01,1.750154026929265083e-01
2.589589589589589735e+01,1.109717082864537102e-01,1.749544972687831490e-01
2.587087087087087056e+01,1.109824679358425437e-01,1.748932302371066227e-01
2.584584584584584377e+01,1.109932486911413413e-01,1.748316001552754351e-01
2.582082082082082053e+01,1.110040506144614192e-01,1.747696055756373656e-01
2.579579579579579729e+01,1.110148737681579539e-01,1.747072450455001702e-01
2.577077077077077050e+01,1.110257182148309402e-01,1.746445171071226987e-01
2.574574574574574370e+01,1.110365840173266616e-01,1.745814202977064022e-01
2.572072072072072046e+01,1.110474712387386487e-01,1.745179531493861180e-01
2.569569569569569722e+01,1.110583799424091356e-01,1.744541141892220759e-01
2.567067067067067043e+01,1.110693101919300596e-01,1.743899019391908223e-01
2.564564564564564364e+01,1.110802620511444766e-01,1.743253149161775872e-01
2.562062062062062040e+01,1.110912355841477128e-01,1.742603516319676249e-01
2.559559559559559716e+01,1.111022308552886140e-01,1.741950105932382753e-01
2.557057057057057037e+01,1.111132479291707942e-01,1.741292903015510540e-01
2.554554554554554358e+01,1.111242868706538989e-01,1.740631892533437974e-01
2.552052052052052034e+01,1.111353477448549648e-01,1.739967059399232241e-01
2.549549549549549710e+01,1.111464306171495303e-01,1.739298388474571078e-01
2.547047047047047030e+01,1.111575355531730508e-01,1.738625864569671720e-01
2.544544544544544351e+01,1.111686626188221338e-01,1.737949472443217624e-01
2.542042042042042027e+01,1.111798118802558299e-01,1.737269196802287141e-01
2.539539539539539703e+01,1.111909834038969924e-01,1.736585022302286063e-01
2.537037037037037024e+01,1.112021772564336097e-01,1.735896933546877963e-01
2.534534534534534345e+01,1.112133935048199157e-01,1.735204915087919797e-01
2.532032032032032021e+01,1.112246322162780826e-01,1.734508951425396683e-01
2.529529529529529697e+01,1.112358934582991926e-01,1.733809027007358616e-01
2.527027027027027017e+01,1.112471772986448615e-01,1.733105126229860793e-01
2.524524524524524338e+01,1.112584838053484182e-01,1.732397233436902551e-01
2.522022022022022014e+01,1.112698130467164037e-01,1.731685332920371301e-01
2.519519519519519690e+01,1.112811650913297923e-01,1.730969408919985075e-01
2.517017017017017011e+01,1.112925400080455041e-01,1.730249445623239235e-01
2.514514514514514332e+01,1.113039378659977097e-01,1.729525427165354012e-01
2.512012012012012008e+01,1.113153587345992873e-01,1.728797337629223996e-01
2.509509509509509684e+01,1.113268026835431412e-01,1.728065161045369835e-01
2.507007007007007005e+01,1.113382697828037282e-01,1.727328881391891335e-01
2.504504504504504325e+01,1.113497601026384037e-01,1.726588482594423046e-01
2.502002002002002001e+01,1.113612737135888375e-01,1.725843948526091243e-01
2.499499499499499677e+01,1.113728106864825262e-01,1.725095263007473956e-01
2.496996996996996998e+01,1.113843710924341535e-01,1.724342409806561560e-01
2.494494494494494319e+01,1.113959550028471440e-01,1.723585372638721247e-01
2.491991991991991995e+01,1.114075624894150240e-01,1.722824135166662884e-01
2.489489489489489671e+01,1.114191936241229614e-01,1.722058681000404878e-01
2.486986986986986992e+01,1.114308484792492504e-01,1.721288993697246972e-01
2.484484484484484312e+01,1.114425271273667833e-01,1.720515056761741102e-01
2.481981981981981988e+01,1.114542296413445488e-01,1.719736853645666974e-01
2.479479479479479664e+01,1.114659560943491307e-01,1.718954367748007361e-01
2.476976976976976985e+01,1.114777065598463041e-01,1.718167582414929229e-01
2.474474474474474306e+01,1.114894811116024509e-01,1.717376480939765693e-01
2.471971971971971982e+01,1.115012798236861419e-01,1.716581046562998536e-01
2.469469469469469658e+01,1.115131027704698019e-01,1.715781262472246271e-01
2.466966966966966979e+01,1.115249500266310423e-01,1.714977111802253318e-01
2.464464464464464299e+01,1.115368216671543816e-01,1.714168577634881674e-01
2.461961961961961975e+01,1.115487177673328278e-01,1.713355642999105921e-01
2.459459459459459296e+01,1.115606384027694048e-01,1.712538290871008784e-01
2.456956956956956972e+01,1.115725836493787482e-01,1.711716504173783904e-01
2.454454454454454293e+01,1.115845535833887570e-01,1.710890265777735286e-01
2.451951951951951969e+01,1.115965482813421616e-01,1.710059558500285626e-01
2.449449449449449290e+01,1.116085678200982312e-01,1.709224365105982968e-01
2.446946946946946966e+01,1.116206122768342718e-01,1.708384668306511811e-01
2.444444444444444287e+01,1.116326817290473755e-01,1.707540450760707540e-01
2.441941941941941963e+01,1.116447762545561134e-01,1.706691695074575854e-01
2.439439439439439283e+01,1.116568959315020759e-01,1.705838383801308866e-01
2.436936936936936959e+01,1.116690408383516353e-01,1.704980499441310915e-01
2.434434434434434280e+01,1.116812110538975972e-01,1.704118024442224655e-01
2.431931931931931956e+01,1.116934066572609768e-01,1.703250941198961865e-01
2.429429429429429277e+01,1.117056277278925952e-01,1.702379232053733704e-01
2.426926926926926953e+01,1.117178743455748413e-01,1.701502879296089010e-01
2.424424424424424274e+01,1.117301465904234209e-01,1.700621865162952051e-01
2.421921921921921950e+01,1.117424445428891328e-01,1.699736171838668597e-01
2.419419419419419270e+01,1.117547682837595202e-01,1.698845781455048387e-01
2.416916916916916946e+01,1.117671178941607446e-01,1.697950676091418143e-01
2.414414414414414267e+01,1.117794934555592090e-01,1.697050837774672916e-01
2.411911911911911943e+01,1.117918950497635289e-01,1.696146248479334651e-01
2.409409409409409264e+01,1.118043227589262112e-01,1.695236890127612694e-01
2.406906906906906940e+01,1.118167766655454448e-01,1.694322744589466523e-01
2.404404404404404261e+01,1.118292568524670572e-01,1.693403793682678460e-01
2.401901901901901937e+01,1.118417634028861518e-01,1.692480019172920014e-01
2.399399399399399258e+01,1.118542964003491208e-01,1.691551402773832369e-01
2.396896896896896934e+01,1.118668559287553932e-01,1.690617926147105488e-01
2.394394394394394254e+01,1.118794420723592947e-01,1.689679570902560268e-01
2.391891891891891930e+01,1.118920549157720878e-01,1.688736318598239583e-01
2.389389389389389251e+01,1.119046945439635954e-01,1.687788150740498483e-01
2.386886886886886927e+01,1.119173610422643378e-01,1.686835048784102176e-01
2.384384384384384248e+01,1.119300544963673372e-01,1.685876994132326501e-01
2.381881881881881924e+01,1.119427749923300186e-01,1.684913968137062013e-01
2.379379379379379245e+01,1.119555226165762224e-01,1.683945952098925836e-01
2.376876876876876921e+01,1.119682974558981192e-01,1.682972927267374907e-01
2.374374374374374241e+01,1.119810995974581530e-01,1.681994874840823384e-01
2.371871871871871917e+01,1.119939291287910810e-01,1.681011775966768373e-01
2.369369369369369238e+01,1.120067861378058610e-01,1.680023611741915945e-01
2.366866866866866914e+01,1.120196707127877611e-01,1.679030363212316024e-01
2.364364364364364235e+01,1.120325829424002606e-01,1.678032011373497001e-01
2.361861861861861911e+01,1.120455229156872012e-01,1.677028537170612843e-01
2.359359359359359232e+01,1.120584907220747023e-01,1.676019921498585474e-01
2.356856856856856908e+01,1.120714864513733117e-01,1.675006145202262986e-01
2.354354354354354228e+01,1.120845101937800181e-01,1.673987189076571180e-01
2.351851851851851904e+01,1.120975620398803330e-01,1.672963033866683713e-01
2.349349349349349225e+01,1.121106420806504272e-01,1.671933660268184185e-01
2.346846846846846901e+01,1.121237504074591995e-01,1.670899048927243502e-01
2.344344344344344222e+01,1.121368871120703298e-01,1.669859180440797231e-01
2.341841841841841898e+01,1.121500522866445693e-01,1.668814035356731562e-01
2.339339339339339219e+01,1.121632460237417805e-01,1.667763594174072883e-01
2.336836836836836895e+01,1.121764684163231024e-01,1.666707837343184839e-01
2.334334334334334216e+01,1.121897195577531287e-01,1.665646745265967898e-01
2.331831831831831892e+01,1.122029995418021564e-01,1.664580298296070016e-01
2.329329329329329212e+01,1.122163084626483232e-01,1.663508476739097297e-01
2.326826826826826888e+01,1.122296464148798273e-01,1.662431260852836046e-01
2.324324324324324209e+01,1.122430134934972179e-01,1.661348630847477303e-01
2.321821821821821885e+01,1.122564097939155459e-01,1.660260566885850275e-01
2.319319319319319206e+01,1.122698354119667369e-01,1.659167049083657974e-01
2.316816816816816882e+01,1.122832904439018259e-01,1.658068057509724802e-01
2.314314314314314203e+01,1.122967749863931497e-01,1.656963572186246347e-01
2.311811811811811879e+01,1.123102891365368311e-01,1.655853573089048347e-01
2.309309309309309199e+01,1.123238329918549855e-01,1.654738040147849809e-01
2.306806806806806875e+01,1.123374066502980384e-01,1.653616953246534738e-01
2.304304304304304196e+01,1.123510102102472097e-01,1.652490292223431356e-01
2.301801801801801872e+01,1.123646437705166784e-01,1.651358036871596324e-01
2.299299299299299193e+01,1.123783074303561780e-01,1.650220166939107280e-01
2.296796796796796869e+01,1.123920012894532583e-01,1.649076662129363158e-01
2.294294294294294190e+01,1.124057254479357559e-01,1.647927502101388109e-01
2.291791791791791866e+01,1.124194800063741950e-01,1.646772666470150137e-01
2.289289289289289187e+01,1.124332650657842159e-01,1.645612134806877791e-01
2.286786786786786863e+01,1.124470807276291978e-01,1.644445886639394894e-01
2.284284284284284183e+01,1.124609270938224520e-01,1.643273901452452224e-01
2.281781781781781859e+01,1.124748042667299830e-01,1.642096158688075014e-01
2.279279279279279180e+01,1.124887123491728619e-01,1.640912637745915725e-01
2.276776776776776856e+01,1.125026514444298215e-01,1.639723317983615147e-01
2.274274274274274177e+01,1.125166216562397264e-01,1.638528178717168771e-01
2.271771771771771853e+01,1.125306230888042242e-01,1.637327199221307872e-01
2.269269269269269174e+01,1.125446558467902425e-01,1.636120358729881152e-01
2.266766766766766850e+01,1.125587200353326822e-01,1.634907636436252476e-01
2.264264264264264170e+01,1.125728157600369289e-01,1.633689011493700827e-01
2.261761761761761846e+01,1.125869431269815868e-01,1.632464463015834144e-01
2.259259259259259167e+01,1.126011022427210462e-01,1.631233970077007323e-01
2.256756756756756843e+01,1.126152932142881619e-01,1.629997511712754088e-01
2.254254254254254164e+01,1.126295161491970287e-01,1.628755066920223316e-01
2.251751751751751840e+01,1.126437711554455767e-01,1.627506614658628115e-01
2.249249249249249161e+01,1.126580583415183190e-01,1.626252133849702686e-01
2.246746746746746481e+01,1.126723778163891548e-01,1.624991603378169724e-01
2.244244244244244157e+01,1.126867296895240761e-01,1.623725002092215319e-01
2.241741741741741833e+01,1.127011140708839010e-01,1.622452308803975507e-01
2.239239239239239154e+01,1.127155310709272024e-01,1.621173502290033652e-01
2.236736736736736475e+01,1.127299808006130138e-01,1.619888561291925044e-01
2.234234234234234151e+01,1.127444633714036748e-01,1.618597464516654538e-01
2.231731731731731827e+01,1.127589788952677169e-01,1.617300190637220303e-01
2.229229229229229148e+01,1.127735274846827784e-01,1.615996718293155610e-01
2.226726726726726469e+01,1.127881092526383661e-01,1.614687026091072841e-01
2.224224224224224145e+01,1.128027243126388940e-01,1.613371092605222767e-01
2.221721721721721821e+01,1.128173727787065705e-01,1.612048896378066032e-01
2.219219219219219141e+01,1.128320547653843819e-01,1.610720415920850190e-01
2.216716716716716462e+01,1.128467703877389650e-01,1.609385629714205623e-01
2.214214214214214138e+01,1.128615197613637433e-01,1.608044516208744779e-01
2.211711711711711814e+01,1.128763030023818281e-01,1.606697053825679733e-01
2.209209209209209135e+01,1.128911202274491266e-01,1.605343220957446693e-01
2.206706706706706456e+01,1.129059715537573533e-01,1.603982995968345482e-01
2.204204204204204132e+01,1.129208570990370836e-01,1.602616357195189023e-01
2.201701701701701808e+01,1.129357769815609730e-01,1.601243282947966140e-01
2.199199199199199128e+01,1.129507313201467134e-01,1.599863751510516574e-01
2.196696696696696449e+01,1.129657202341602940e-01,1.598477741141217379e-01
2.194194194194194125e+01,1.129807438435191519e-01,1.597085230073685413e-01
2.191691691691691801e+01,1.129958022686952668e-01,1.595686196517486222e-01
2.189189189189189122e+01,1.130108956307184498e-01,1.594280618658861504e-01
2.186686686686686443e+01,1.130260240511795911e-01,1.592868474661471856e-01
2.184184184184184119e+01,1.130411876522338099e-01,1.591449742667143952e-01
2.181681681681681795e+01,1.130563865566038689e-01,1.590024400796639648e-01
2.179179179179179116e+01,1.130716208875832962e-01,1.588592427150434250e-01
2.176676676676676436e+01,1.130868907690399106e-01,1.587153799809511989e-01
2.174174174174174112e+01,1.131021963254189577e-01,1.585708496836172876e-01
2.171671671671671788e+01,1.131175376817466494e-01,1.584256496274855097e-01
2.169169169169169109e+01,1.131329149636334519e-01,1.582797776152971292e-01
2.166666666666666430e+01,1.131483282972775006e-01,1.581332314481761203e-01
2.164164164164164106e+01,1.131637778094681385e-01,1.579860089257156819e-01
2.161661661661661782e+01,1.131792636275891911e-01,1.578381078460664999e-01
2.159159159159159103e+01,1.131947858796226863e-01,1.576895260060263149e-01
2.156656656656656423e+01,1.132103446941521707e-01,1.575402612011311820e-01
2.154154154154154099e+01,1.132259402003663179e-01,1.573903112257483972e-01
2.151651651651651775e+01,1.132415725280625368e-01,1.572396738731706711e-01
2.149149149149149096e+01,1.132572418076504550e-01,1.570883469357123863e-01
2.146646646646646417e+01,1.132729481701556379e-01,1.569363282048070740e-01
2.144144144144144093e+01,1.132886917472230998e-01,1.567836154711066965e-01
2.141641641641641769e+01,1.133044726711210926e-01,1.566302065245828712e-01
2.139139139139139090e+01,1.133202910747447556e-01,1.564760991546292890e-01
2.136636636636636410e+01,1.133361470916197516e-01,1.563212911501662417e-01
2.134134134134134086e+01,1.133520408559061110e-01,1.561657802997468703e-01
2.131631631631631763e+01,1.133679725024019369e-01,1.560095643916649677e-01
2.129129129129129083e+01,1.133839421665472635e-01,1.558526412140647521e-01
2.126626626626626404e+01,1.133999499844277614e-01,1.556950085550524443e-01
2.124124124124124080e+01,1.134159960927786925e-01,1.555366642028096769e-01
2.121621621621621756e+01,1.134320806289887545e-01,1.553776059457087078e-01
2.119119119119119077e+01,1.134482037311039804e-01,1.552178315724295765e-01
2.116616616616616398e+01,1.134643655378317073e-01,1.550573388720792034e-01
2.114114114114114074e+01,1.134805661885444350e-01,1.548961256343124593e-01
2.111611611611611750e+01,1.134968058232839194e-01,1.547341896494549562e-01
2.109109109109109070e+01,1.135130845827651280e-01,1.545715287086281975e-01
2.106606606606606391e+01,1.135294026083803476e-01,1.544081406038765314e-01
2.104104104104104067e+01,1.135457600422031810e-01,1.542440231282962704e-01
2.101601601601601743e+01,1.135621570269927105e-01,1.540791740761665585e-01
2.099099099099099064e+01,1.135785937061976059e-01,1.539135912430828479e-01
2.096596596596596385e+01,1.135950702239603427e-01,1.537472724260922352e-01
2.094094094094094061e+01,1.136115867251212413e-01,1.535802154238306849e-01
2.091591591591591737e+01,1.136281433552229214e-01,1.534124180366630841e-01
2.089089089089089057e+01,1.136447402605143681e-01,1.532438780668248235e-01
2.086586586586586378e+01,1.136613775879553173e-01,1.530745933185662933e-01
2.084084084084084054e+01,1.136780554852205305e-01,1.529045615982988493e-01
2.081581581581581730e+01,1.136947741007041518e-01,1.527337807147439996e-01
2.079079079079079051e+01,1.137115335835241076e-01,1.525622484790840894e-01
2.076576576576576372e+01,1.137283340835265472e-01,1.523899627051157890e-01
2.074074074074074048e+01,1.137451757512901590e-01,1.522169212094061641e-01
2.071571571571571724e+01,1.137620587381307918e-01,1.520431218114504379e-01
2.069069069069069045e+01,1.137789831961059650e-01,1.518685623338331125e-01
2.066566566566566365e+01,1.137959492780192261e-01,1.516932406023907554e-01
2.064064064064064041e+01,1.138129571374249943e-01,1.515171544463780329e-01
2.061561561561561717e+01,1.138300069286329735e-01,1.513403016986357152e-01
2.059059059059059038e+01,1.138470988067128431e-01,1.511626801957614286e-01
2.056556556556556359e+01,1.138642329274990594e-01,1.509842877782834603e-01
2.054054054054054035e+01,1.138814094475953387e-01,1.508051222908363964e-01
2.051551551551551711e+01,1.138986285243795971e-01,1.506251815823401730e-01
2.049049049049049032e+01,1.139158903160087388e-01,1.504444635061815694e-01
2.046546546546546352e+01,1.139331949814232497e-01,1.502629659203982837e-01
2.044044044044044028e+01,1.139505426803523735e-01,1.500806866878662549e-01
2.041541541541541704e+01,1.139679335733187471e-01,1.498976236764891223e-01
2.039039039039039025e+01,1.139853678216434657e-01,1.497137747593914325e-01
2.036536536536536346e+01,1.140028455874509822e-01,1.495291378151138995e-01
2.034034034034034022e+01,1.140203670336741582e-01,1.493437107278121900e-01
2.031531531531531698e+01,1.140379323240592324e-01,1.491574913874583463e-01
2.029029029029029019e+01,1.140555416231710251e-01,1.489704776900453997e-01
2.026526526526526339e+01,1.140731950963978641e-01,1.487826675377950381e-01
2.024024024024024015e+01,1.140908929099569147e-01,1.485940588393681316e-01
2.021521521521521692e+01,1.141086352308992719e-01,1.484046495100788121e-01
2.019019019019019012e+01,1.141264222271152762e-01,1.482144374721112712e-01
2.016516516516516333e+01,1.141442540673396344e-01,1.480234206547399456e-01
2.014014014014014009e+01,1.141621309211568874e-01,1.478315969945533104e-01
2.011511511511511685e+01,1.141800529590066698e-01,1.476389644356801978e-01
2.009009009009009006e+01,1.141980203521891640e-01,1.474455209300202241e-01
2.006506506506506327e+01,1.142160332728704292e-01,1.472512644374770197e-01
2.004004004004004003e+01,1.142340918940880079e-01,1.470561929261953726e-01
2.001501501501501679e+01,1.142521963897563109e-01,1.468603043728012592e-01
1.998998998998998999e+01,1.142703469346722511e-01,1.466635967626460646e-01
1.996496496496496320e+01,1.142885437045208646e-01,1.464660680900537193e-01
1.993993993993993996e+01,1.143067868758808336e-01,1.462677163585718310e-01
1.991491491491491672e+01,1.143250766262303292e-01,1.460685395812263698e-01
1.988988988988988993e+01,1.143434131339525761e-01,1.458685357807798511e-01
1.986486486486486314e+01,1.143617965783417650e-01,1.456677029899935416e-01
1.983983983983983990e+01,1.143802271396087838e-01,1.454660392518933865e-01
1.981481481481481666e+01,1.143987049988870464e-01,1.452635426200394597e-01
1.978978978978978986e+01,1.144172303382385708e-01,1.450602111587998566e-01
1.976476476476476307e+01,1.144358033406596697e-01,1.448560429436277497e-01
1.973973973973973983e+01,1.144544241900871673e-01,1.446510360613433577e-01
1.971471471471471659e+01,1.144730930714043249e-01,1.444451886104190785e-01
1.968968968968968980e+01,1.144918101704469893e-01,1.442384987012690911e-01
1.966466466466466301e+01,1.145105756740096847e-01,1.440309644565433700e-01
1.963963963963963977e+01,1.145293897698518165e-01,1.438225840114251697e-01
1.961461461461461653e+01,1.145482526467038742e-01,1.436133555139333384e-01
1.958958958958958974e+01,1.145671644942737599e-01,1.434032771252285732e-01
1.956456456456456294e+01,1.145861255032530751e-01,1.431923470199244763e-01
1.953953953953953970e+01,1.146051358653234903e-01,1.429805633864023318e-01
1.951451451451451646e+01,1.146241957731632538e-01,1.427679244271308212e-01
1.948948948948948967e+01,1.146433054204535340e-01,1.425544283589899597e-01
1.946446446446446288e+01,1.146624650018851083e-01,1.423400734136001378e-01
1.943943943943943964e+01,1.146816747131647329e-01,1.421248578376548555e-01
1.941441441441441640e+01,1.147009347510219712e-01,1.419087798932589517e-01
1.938938938938938961e+01,1.147202453132157851e-01,1.416918378582710525e-01
1.936436436436436281e+01,1.147396065985412800e-01,1.414740300266514039e-01
1.933933933933933957e+01,1.147590188068364769e-01,1.412553547088137573e-01
1.931431431431431278e+01,1.147784821389891824e-01,1.410358102319825557e-01
1.928928928928928599e+01,1.147979967969438020e-01,1.408153949405553940e-01
1.926426426426426275e+01,1.148175629837084460e-01,1.405941071964701139e-01
1.923923923923923951e+01,1.148371809033617991e-01,1.403719453795769234e-01
1.921421421421421272e+01,1.148568507610601697e-01,1.401489078880159556e-01
1.918918918918918592e+01,1.148765727630447347e-01,1.399249931386000179e-01
1.916416416416416268e+01,1.148963471166485339e-01,1.397001995672023933e-01
1.913913913913913944e+01,1.149161740303039220e-01,1.394745256291502478e-01
1.911411411411411265e+01,1.149360537135495630e-01,1.392479697996231169e-01
1.908908908908908586e+01,1.149559863770380636e-01,1.390205305740574437e-01
1.906406406406406262e+01,1.149759722325431471e-01,1.387922064685560286e-01
1.903903903903903938e+01,1.149960114929673011e-01,1.385629960203033917e-01
1.901401401401401259e+01,1.150161043723491039e-01,1.383328977879869637e-01
1.898898898898898580e+01,1.150362510858709691e-01,1.381019103522236613e-01
1.896396396396396256e+01,1.150564518498667366e-01,1.378700323159927077e-01
1.893893893893893932e+01,1.150767068818293049e-01,1.376372623050740318e-01
1.891391391391391252e+01,1.150970164004185003e-01,1.374035989684925796e-01
1.888888888888888573e+01,1.151173806254688209e-01,1.371690409789689258e-01
1.886386386386386249e+01,1.151377997779973461e-01,1.369335870333762140e-01
1.883883883883883925e+01,1.151582740802117588e-01,1.366972358532022314e-01
1.881381381381381246e+01,1.151788037555182553e-01,1.364599861850191165e-01
1.878878878878878567e+01,1.151993890285296918e-01,1.362218368009583958e-01
1.876376376376376243e+01,1.152200301250737163e-01,1.359827864991930979e-01
1.873873873873873919e+01,1.152407272722009712e-01,1.357428341044255582e-01
1.871371371371371239e+01,1.152614806981934054e-01,1.355019784683826056e-01
1.868868868868868560e+01,1.152822906325725594e-01,1.352602184703172727e-01
1.866366366366366236e+01,1.153031573061080589e-01,1.350175530175165561e-01
1.863863863863863912e+01,1.153240809508260523e-01,1.347739810458167264e-01
1.861361361361361233e+01,1.153450618000177591e-01,1.345295015201251054e-01
1.858858858858858554e+01,1.153661000882481025e-01,1.342841134349493093e-01
1.856356356356356230e+01,1.153871960513643824e-01,1.340378158149328203e-01
1.853853853853853906e+01,1.154083499265051299e-01,1.337906077153982187e-01
1.851351351351351227e+01,1.154295619521088084e-01,1.335424882228975485e-01
1.848848848848848547e+01,1.154508323679228204e-01,1.332934564557698154e-01
1.846346346346346223e+01,1.154721614150124309e-01,1.330435115647063404e-01
1.843843843843843899e+01,1.154935493357698573e-01,1.327926527333228579e-01
1.841341341341341220e+01,1.155149963739234009e-01,1.325408791787398011e-01
1.838838838838838541e+01,1.155365027745466899e-01,1.322881901521700820e-01
1.836336336336336217e+01,1.155580687840677828e-01,1.320345849395146154e-01
1.833833833833833893e+01,1.155796946502788275e-01,1.317800628619655856e-01
1.831331331331331214e+01,1.156013806223452206e-01,1.315246232766177359e-01
1.828828828828828534e+01,1.156231269508152526e-01,1.312682655770877893e-01
1.826326326326326210e+01,1.156449338876296973e-01,1.310109891941419746e-01
1.823823823823823886e+01,1.156668016861314707e-01,1.307527935963312682e-01
1.821321321321321207e+01,1.156887306010753735e-01,1.304936782906359893e-01
1.818818818818818528e+01,1.157107208886379718e-01,1.302336428231178900e-01
1.816316316316316204e+01,1.157327728064274225e-01,1.299726867795810703e-01
1.813813813813813880e+01,1.157548866134935905e-01,1.297108097862416098e-01
1.811311311311311201e+01,1.157770625703380685e-01,1.294480115104058027e-01
1.808808808808808521e+01,1.157993009389243211e-01,1.291842916611572467e-01
1.806306306306306197e+01,1.158216019826880383e-01,1.289196499900529536e-01
1.803803803803803874e+01,1.158439659665473631e-01,1.286540862918279515e-01
1.801301301301301194e+01,1.158663931569133693e-01,1.283876004051099917e-01
1.798798798798798515e+01,1.158888838217006223e-01,1.281201922131426363e-01
1.796296296296296191e+01,1.159114382303377405e-01,1.278518616445180611e-01
1.793793793793793867e+01,1.159340566537780393e-01,1.275826086739189902e-01
1.791291291291291188e+01,1.159567393645104527e-01,1.273124333228707883e-01
1.788788788788788509e+01,1.159794866365702615e-01,1.270413356605026300e-01
1.786286286286286185e+01,1.160022987455501808e-01,1.267693158043187995e-01
1.783783783783783861e+01,1.160251759686113382e-01,1.264963739209795379e-01
1.781281281281281181e+01,1.160481185844945418e-01,1.262225102270923827e-01
1.778778778778778502e+01,1.160711268735313412e-01,1.259477249900130824e-01
1.776276276276276178e+01,1.160942011176556155e-01,1.256720185286572256e-01
1.773773773773773854e+01,1.161173416004148556e-01,1.253953912143218330e-01
1.771271271271271175e+01,1.161405486069817528e-01,1.251178434715176924e-01
1.768768768768768496e+01,1.161638224241658551e-01,1.248393757788120867e-01
1.766266266266266172e+01,1.161871633404252951e-01,1.245599886696823894e-01
1.763763763763763848e+01,1.162105716458786547e-01,1.242796827333803172e-01
1.761261261261261168e+01,1.162340476323168725e-01,1.239984586158071195e-01
1.758758758758758489e+01,1.162575915932153869e-01,1.237163170204002294e-01
1.756256256256256165e+01,1.162812038237461404e-01,1.234332587090304773e-01
1.753753753753753841e+01,1.163048846207899861e-01,1.231492845029111827e-01
1.751251251251251162e+01,1.163286342829490255e-01,1.228643952835181408e-01
1.748748748748748483e+01,1.163524531105589316e-01,1.225785919935219320e-01
1.746246246246246159e+01,1.163763414057017720e-01,1.222918756377312094e-01
1.743743743743743835e+01,1.164002994722185130e-01,1.220042472840480452e-01
1.741241241241241156e+01,1.164243276157219120e-01,1.217157080644354211e-01
1.738738738738738476e+01,1.164484261436093959e-01,1.214262591758967225e-01
1.736236236236236152e+01,1.164725953650761342e-01,1.211359018814672922e-01
1.733733733733733828e+01,1.164968355911280978e-01,1.208446375112184890e-01
1.731231231231231149e+01,1.165211471345954097e-01,1.205524674632742349e-01
1.728728728728728470e+01,1.165455303101456397e-01,1.202593932048401787e-01
1.726226226226226146e+01,1.165699854342973629e-01,1.199654162732457230e-01
1.723723723723723822e+01,1.165945128254337049e-01,1.196705382769985976e-01
1.721221221221221143e+01,1.166191128038161495e-01,1.193747608968528523e-01
1.718718718718718463e+01,1.166437856915982646e-01,1.190780858868900893e-01
1.716216216216216139e+01,1.166685318128398291e-01,1.187805150756137407e-01
1.713713713713713815e+01,1.166933514935208499e-01,1.184820503670568209e-01
1.711211211211211136e+01,1.167182450615557587e-01,1.181826937419034468e-01
1.708708708708708457e+01,1.167432128468077757e-01,1.178824472586242622e-01
1.706206206206206133e+01,1.167682551811035085e-01,1.175813130546255608e-01
1.703703703703703809e+01,1.167933723982473027e-01,1.172792933474122168e-01
1.701201201201201130e+01,1.168185648340362842e-01,1.169763904357652567e-01
1.698698698698698450e+01,1.168438328262749598e-01,1.166726067009338369e-01
1.696196196196196126e+01,1.168691767147903848e-01,1.163679446078413615e-01
1.693693693693693803e+01,1.168945968414472347e-01,1.160624067063061732e-01
1.691191191191191123e+01,1.169200935501630706e-01,1.157559956322776057e-01
1.688688688688688444e+01,1.169456671869238129e-01,1.154487141090866920e-01
1.686186186186186120e+01,1.169713180997992014e-01,1.151405649487119293e-01
1.683683683683683796e+01,1.169970466389585462e-01,1.148315510530601991e-01
1.681181181181181117e+01,1.170228531566865071e-01,1.145216754152633826e-01
1.678678678678678438e+01,1.170487380073991224e-01,1.142109411209908526e-01
1.676176176176176114e+01,1.170747015476598929e-01,1.138993513497768978e-01
1.673673673673673790e+01,1.171007441361960749e-01,1.135869093763647308e-01
1.671171171171171110e+01,1.171268661339150419e-01,1.132736185720661648e-01
1.668668668668668431e+01,1.171530679039208822e-01,1.129594824061380259e-01
1.666166166166166107e+01,1.171793498115310944e-01,1.126445044471744011e-01
1.663663663663663783e+01,1.172057122242934624e-01,1.123286883645157747e-01
1.661161161161161104e+01,1.172321555120031250e-01,1.120120379296747348e-01
1.658658658658658425e+01,1.172586800467196461e-01,1.116945570177789587e-01
1.656156156156156101e+01,1.172852862027843890e-01,1.113762496090305171e-01
1.653653653653653777e+01,1.173119743568380724e-01,1.110571197901832063e-01
1.651151151151151097e+01,1.173387448878383393e-01,1.107371717560366314e-01
1.648648648648648418e+01,1.173655981770776180e-01,1.104164098109484821e-01
1.646146146146146094e+01,1.173925346082010518e-01,1.100948383703640177e-01
1.643643643643643770e+01,1.174195545672247487e-01,1.097724619623635101e-01
1.641141141141141091e+01,1.174466584425539750e-01,1.094492852292281437e-01
1.638638638638638412e+01,1.174738466250016961e-01,1.091253129290239432e-01
1.636136136136136088e+01,1.175011195078072418e-01,1.088005499372041440e-01
1.633633633633633764e+01,1.175284774866550974e-01,1.084750012482297576e-01
1.631131131131131085e+01,1.175559209596939853e-01,1.081486719772098426e-01
1.628628628628628405e+01,1.175834503275559328e-01,1.078215673615599002e-01
1.626126126126126081e+01,1.176110659933757019e-01,1.074936927626799210e-01
1.623623623623623757e+01,1.176387683628103420e-01,1.071650536676510140e-01
1.621121121121121078e+01,1.176665578440588694e-01,1.068356556909525745e-01
1.618618618618618399e+01,1.176944348478822233e-01,1.065055045761983121e-01
1.616116116116116075e+01,1.177223997876233191e-01,1.061746061978923877e-01
1.613613613613613751e+01,1.177504530792273657e-01,1.058429665632054234e-01
1.611111111111111072e+01,1.177785951412623211e-01,1.055105918137709681e-01
1.608608608608608392e+01,1.178068263949396122e-01,1.051774882275021833e-01
1.606106106106106068e+01,1.178351472641348957e-01,1.048436622204292068e-01
1.603603603603603744e+01,1.178635581754092221e-01,1.045091203485567916e-01
1.601101101101101065e+01,1.178920595580302821e-01,1.041738693097436635e-01
1.598598598598598564e+01,1.179206518439938622e-01,1.038379159456022244e-01
1.596096096096096062e+01,1.179493354680454520e-01,1.035012672434200698e-01
1.593593593593593560e+01,1.179781108677022544e-01,1.031639303381025330e-01
1.591091091091091059e+01,1.180069784832751129e-01,1.028259125141371272e-01
1.588588588588588557e+01,1.180359387578909652e-01,1.024872212075799566e-01
1.586086086086086056e+01,1.180649921375152012e-01,1.021478640080637490e-01
1.583583583583583554e+01,1.180941390709745742e-01,1.018078486608281624e-01
1.581081081081081052e+01,1.181233800099799058e-01,1.014671830687727538e-01
1.578578578578578551e+01,1.181527154091494697e-01,1.011258752945322359e-01
1.576076076076076049e+01,1.181821457260322783e-01,1.007839335625744792e-01
1.573573573573573547e+01,1.182116714211317032e-01,1.004413662613213576e-01
1.571071071071071046e+01,1.182412929579292893e-01,1.000981819452926580e-01
1.568568568568568544e+01,1.182710108029089158e-01,9.975438933727379109e-02
1.566066066066066043e+01,1.183008254255810549e-01,9.940999733050606690e-02
1.563563563563563541e+01,1.183307372985072797e-01,9.906501499090111795e-02
1.561061061061061039e+01,1.183607468973250643e-01,9.871945155927880355e-02
1.558558558558558538e+01,1.183908547007728740e-01,9.837331645362973331e-02
1.556056056056056036e+01,1.184210611907153404e-01,9.802661927140109144e-02
1.553553553553553535e+01,1.184513668521688379e-01,9.767936979180710799e-02
1.551051051051051033e+01,1.184817721733272267e-01,9.733157797816416323e-02
1.548548548548548531e+01,1.185122776455878324e-01,9.698325398025046951e-02
1.546046046046046030e+01,1.185428837635777999e-01,9.663440813669041396e-02
1.543543543543543528e+01,1.185735910251805719e-01,9.628505097736395069e-02
1.541041041041041026e+01,1.186043999315626873e-01,9.593519322584118103e-02
1.538538538538538525e+01,1.186353109872008704e-01,9.558484580184246904e-02
1.536036036036036023e+01,1.186663246999092314e-01,9.523401982372353691e-02
1.533533533533533522e+01,1.186974415808670913e-01,9.488272661098659522e-02
1.531031031031031020e+01,1.187286621446466683e-01,9.453097768681713309e-02
1.528528528528528518e+01,1.187599869092412636e-01,9.417878478064677095e-02
1.526026026026026017e+01,1.187914163960936825e-01,9.382615983074206467e-02
1.523523523523523515e+01,1.188229511301250318e-01,9.347311498681948327e-02
1.521021021021021014e+01,1.188545916397635988e-01,9.311966261268707357e-02
1.518518518518518512e+01,1.188863384569742165e-01,9.276581528891275630e-02
1.516016016016016010e+01,1.189181921172877687e-01,9.241158581551867091e-02
1.513513513513513509e+01,1.189501531598311790e-01,9.205698721470306767e-02
1.511011011011011007e+01,1.189822221273574981e-01,9.170203273358874807e-02
1.508508508508508505e+01,1.190143995662764215e-01,9.134673584699894155e-02
1.506006006006006004e+01,1.190466860266850696e-01,9.099111026025998028e-02
1.503503503503503325e+01,1.190790820623990609e-01,9.063516991203168782e-02
1.501001001001000823e+01,1.191115882309840002e-01,9.027892897716512099e-02
1.498498498498498321e+01,1.191442050937871200e-01,8.992240186958801174e-02
1.495995995995995820e+01,1.191769332159694494e-01,8.956560324521761762e-02
1.493493493493493318e+01,1.192097731665380800e-01,8.920854800490175818e-02
1.490990990990990817e+01,1.192427255183789447e-01,8.885125129738759286e-02
1.488488488488488315e+01,1.192757908482898199e-01,8.849372852231845998e-02
1.485985985985985813e+01,1.193089697370137980e-01,8.813599533325874869e-02
1.483483483483483312e+01,1.193422627692729138e-01,8.777806764074722046e-02
1.480980980980980810e+01,1.193756705338022278e-01,8.741996161537818333e-02
1.478478478478478308e+01,1.194091936233843687e-01,8.706169369091158738e-02
1.475975975975975807e+01,1.194428326348840746e-01,8.670328056741102851e-02
1.473473473473473305e+01,1.194765881692835541e-01,8.634473921441071509e-02
1.470970970970970804e+01,1.195104608317179296e-01,8.598608687411071760e-02
1.468468468468468302e+01,1.195444512315109731e-01,8.562734106460065386e-02
1.465965965965965800e+01,1.195785599822115075e-01,8.526851958311267021e-02
1.463463463463463299e+01,1.196127877016298913e-01,8.490964050930241425e-02
1.460960960960960797e+01,1.196471350118751414e-01,8.455072220855922027e-02
1.458458458458458296e+01,1.196816025393921956e-01,8.419178333534470260e-02
1.455955955955955794e+01,1.197161909149997011e-01,8.383284283656039504e-02
1.453453453453453292e+01,1.197509007739282344e-01,8.347391995494396477e-02
1.450950950950950791e+01,1.197857327558588258e-01,8.311503423249420874e-02
1.448448448448448289e+01,1.198206875049618869e-01,8.275620551392470770e-02
1.445945945945945788e+01,1.198557656699367063e-01,8.239745395014677620e-02
1.443443443443443286e+01,1.198909679040510989e-01,8.203880000177998788e-02
1.440940940940940784e+01,1.199262948651816790e-01,8.168026444269253783e-02
1.438438438438438283e+01,1.199617472158545362e-01,8.132186836356933290e-02
1.435935935935935781e+01,1.199973256232862301e-01,8.096363317550905880e-02
1.433433433433433279e+01,1.200330307594253409e-01,8.060558061364954396e-02
1.430930930930930778e+01,1.200688633009943107e-01,8.024773274082147578e-02
1.428428428428428276e+01,1.201048239295320619e-01,7.989011195123044140e-02
1.425925925925925775e+01,1.201409133314365330e-01,7.953274097416698774e-02
1.423423423423423273e+01,1.201771321980081852e-01,7.917564287774489507e-02
1.420920920920920771e+01,1.202134812254936902e-01,7.881884107266703965e-02
1.418418418418418270e+01,1.202499611151301856e-01,7.846235931601926172e-02
1.415915915915915768e+01,1.202865725731898650e-01,7.810622171509168377e-02
1.413413413413413267e+01,1.203233163110253578e-01,7.775045273122738188e-02
1.410910910910910765e+01,1.203601930451152352e-01,7.739507718369800782e-02
1.408408408408408263e+01,1.203972034971102084e-01,7.704012025360693072e-02
1.405905905905905762e+01,1.204343483938798143e-01,7.668560748781844127e-02
1.403403403403403260e+01,1.204716284675596133e-01,7.633156480291385104e-02
1.400900900900900758e+01,1.205090444555987350e-01,7.597801848917370982e-02
1.398398398398398257e+01,1.205465971008082421e-01,7.562499521458579399e-02
1.395895895895895933e+01,1.205842871514096748e-01,7.527252202887871335e-02
1.393393393393393254e+01,1.206221153610844699e-01,7.492062636758121952e-02
1.390890890890890930e+01,1.206600824890236012e-01,7.456933605610582827e-02
1.388388388388388250e+01,1.206981892999780537e-01,7.421867931385740802e-02
1.385885885885885926e+01,1.207364365643095044e-01,7.386868475836591563e-02
1.383383383383383247e+01,1.207748250580420318e-01,7.351938140944275224e-02
1.380880880880880923e+01,1.208133555629138656e-01,7.317079869336072517e-02
1.378378378378378244e+01,1.208520288664301917e-01,7.282296644705670008e-02
1.375875875875875920e+01,1.208908457619160964e-01,7.247591492235669342e-02
1.373373373373373241e+01,1.209298070485704812e-01,7.212967479022289186e-02
1.370870870870870917e+01,1.209689135315203945e-01,7.178427714502216839e-02
1.368368368368368237e+01,1.210081660218758765e-01,7.143975350881523467e-02
1.365865865865865914e+01,1.210475653367855814e-01,7.109613583566613826e-02
1.363363363363363234e+01,1.210871122994930105e-01,7.075345651597145236e-02
1.360860860860860910e+01,1.211268077393932024e-01,7.041174838080828391e-02
1.358358358358358231e+01,1.211666524920902710e-01,7.007104470630057258e-02
1.355855855855855907e+01,1.212066473994554694e-01,6.973137921800351413e-02
1.353353353353353228e+01,1.212467933096858658e-01,6.939278609530383224e-02
1.350850850850850904e+01,1.212870910773638511e-01,6.905529997583764734e-02
1.348348348348348225e+01,1.213275415635170634e-01,6.871895595992177919e-02
1.345845845845845901e+01,1.213681456356792837e-01,6.838378961500156394e-02
1.343343343343343221e+01,1.214089041679517894e-01,6.804983698011043969e-02
1.340840840840840897e+01,1.214498180410653883e-01,6.771713457034372885e-02
1.338338338338338218e+01,1.214908881424434650e-01,6.738571938134288453e-02
1.335835835835835894e+01,1.215321153662653891e-01,6.705562889379179659e-02
1.333333333333333215e+01,1.215735006135307411e-01,6.672690107792159098e-02
1.330830830830830891e+01,1.216150447921244687e-01,6.639957439802508798e-02
1.328328328328328212e+01,1.216567488168824734e-01,6.607368781697825488e-02
1.325825825825825888e+01,1.216986136096582238e-01,6.574928080076847259e-02
1.323323323323323208e+01,1.217406400993900073e-01,6.542639332302754851e-02
1.320820820820820884e+01,1.217828292221689035e-01,6.510506586956933683e-02
1.318318318318318205e+01,1.218251819213076736e-01,6.478533944292953761e-02
1.315815815815815881e+01,1.218676991474103022e-01,6.446725556690709180e-02
1.313313313313313202e+01,1.219103818584424959e-01,6.415085629110545140e-02
1.310810810810810878e+01,1.219532310198029185e-01,6.383618419547257283e-02
1.308308308308308199e+01,1.219962476043951610e-01,6.352328239483770456e-02
1.305805805805805875e+01,1.220394325927007667e-01,6.321219454344385869e-02
1.303303303303303196e+01,1.220827869728528942e-01,6.290296483947381556e-02
1.300800800800800872e+01,1.221263117407109661e-01,6.259563802956930045e-02
1.298298298298298192e+01,1.221700078999361505e-01,6.229025941333913435e-02
1.295795795795795868e+01,1.222138764620677165e-01,6.198687484785764257e-02
1.293293293293293189e+01,1.222579184466003749e-01,6.168553075214908143e-02
1.290790790790790510e+01,1.223021348810623410e-01,6.138627411165718112e-02
1.288288288288288186e+01,1.223465268010944795e-01,6.108915248269802811e-02
1.285785785785785507e+01,1.223910952505304073e-01,6.079421399689336619e-02
1.283283283283283183e+01,1.224358412814773589e-01,6.050150736558329578e-02
1.280780780780780503e+01,1.224807659543982324e-01,6.021108188421529783e-02
1.278278278278278179e+01,1.225258703381944259e-01,5.992298743670798622e-02
1.275775775775775500e+01,1.225711555102897421e-01,5.963727449978661888e-02
1.273273273273273176e+01,1.226166225567153489e-01,5.935399414728859124e-02
1.270770770770770497e+01,1.226622725721957102e-01,5.907319805443593530e-02
1.268268268268268173e+01,1.227081066602353498e-01,5.879493850207263839e-02
1.265765765765765494e+01,1.227541259332071422e-01,5.851926838086389526e-02
1.263263263263263170e+01,1.228003315124410327e-01,5.824624119545458723e-02
1.260760760760760490e+01,1.228467245283144244e-01,5.797591106858407395e-02
1.258258258258258167e+01,1.228933061203432431e-01,5.770833274515502209e-02
1.255755755755755487e+01,1.229400774372742949e-01,5.744356159625187142e-02
1.253253253253253163e+01,1.229870396371786634e-01,5.718165362310793920e-02
1.250750750750750484e+01,1.230341938875462865e-01,5.692266546101534819e-02
1.248248248248248160e+01,1.230815413653816998e-01,5.666665438317719516e-02
1.245745745745745481e+01,1.231290832573008753e-01,5.641367830449620091e-02
1.243243243243243157e+01,1.231768207596293518e-01,5.616379578529830108e-02
1.240740740740740478e+01,1.232247550785013912e-01,5.591706603498572403e-02
1.238238238238238154e+01,1.232728874299605509e-01,5.567354891561777930e-02
1.235735735735735474e+01,1.233212190400613251e-01,5.543330494541340303e-02
1.233233233233233150e+01,1.233697511449722700e-01,5.519639530217394785e-02
1.230730730730730471e+01,1.234184849910800186e-01,5.496288182661912547e-02
1.228228228228228147e+01,1.234674218350950148e-01,5.473282702563554702e-02
1.225725725725725468e+01,1.235165629441581647e-01,5.450629407542978422e-02
1.223223223223223144e+01,1.235659095959492082e-01,5.428334682458481331e-02
1.220720720720720465e+01,1.236154630787960063e-01,5.406404979701259772e-02
1.218218218218218141e+01,1.236652246917856468e-01,5.384846819480028357e-02
1.215715715715715461e+01,1.237151957448764383e-01,5.363666790094330505e-02
1.213213213213213137e+01,1.237653775590118327e-01,5.342871548196208298e-02
1.210710710710710458e+01,1.238157714662353331e-01,5.322467819039555792e-02
1.208208208208208134e+01,1.238663788098070678e-01,5.302462396716793591e-02
1.205705705705705455e+01,1.239172009443219313e-01,5.282862144382170777e-02
1.203203203203203131e+01,1.239682392358288365e-01,5.263673994461251504e-02
1.200700700700700452e+01,1.240194950619518954e-01,5.244904948845911796e-02
1.198198198198198128e+01,1.240709698120129323e-01,5.226562079074389966e-02
1.195695695695695449e+01,1.241226648871555371e-01,5.208652526495601010e-02
1.193193193193193125e+01,1.241745817004707153e-01,5.191183502417290319e-02
1.190690690690690445e+01,1.242267216771242577e-01,5.174162288237203755e-02
1.188188188188188121e+01,1.242790862544855268e-01,5.157596235556768938e-02
1.185685685685685442e+01,1.243316768822581020e-01,5.141492766276478665e-02
1.183183183183183118e+01,1.243844950226119794e-01,5.125859372672399161e-02
1.180680680680680439e+01,1.244375421503174373e-01,5.110703617452970471e-02
1.178178178178178115e+01,1.244908197528808158e-01,5.096033133795491166e-02
1.175675675675675436e+01,1.245443293306818244e-01,5.081855625361399176e-02
1.173173173173173112e+01,1.245980723971127219e-01,5.068178866289697881e-02
1.170670670670670432e+01,1.246520504787193978e-01,5.055010701167628184e-02
1.168168168168168108e+01,1.247062651153440643e-01,5.042359044977866300e-02
1.165665665665665429e+01,1.247607178602700984e-01,5.030231883021302197e-02
1.163163163163163105e+01,1.248154102803684246e-01,5.018637270814642337e-02
1.160660660660660426e+01,1.248703439562461742e-01,5.007583333961873606e-02
1.158158158158158102e+01,1.249255204823970095e-01,4.997078267998741885e-02
1.155655655655655423e+01,1.249809414673535984e-01,4.987130338209243285e-02
1.153153153153153099e+01,1.250366085338419642e-01,4.977747879413259302e-02
1.150650650650650419e+01,1.250925233189380259e-01,4.968939295724281169e-02
1.148148148148148096e+01,1.251486874742260280e-01,4.960713060276270014e-02
1.145645645645645416e+01,1.252051026659593003e-01,4.953077714918591168e-02
1.143143143143143092e+01,1.252617705752228083e-01,4.946041869877967900e-02
1.140640640640640413e+01,1.253186928980983272e-01,4.939614203386399893e-02
1.138138138138138089e+01,1.253758713458312801e-01,4.933803461273894575e-02
1.135635635635635410e+01,1.254333076450004081e-01,4.928618456524901104e-02
1.133133133133133086e+01,1.254910035376891053e-01,4.924068068797263220e-02
1.130630630630630407e+01,1.255489607816595576e-01,4.920161243902505810e-02
1.128128128128128083e+01,1.256071811505289348e-01,4.916906993246225599e-02
1.125625625625625403e+01,1.256656664339479978e-01,4.914314393227300903e-02
1.123123123123123079e+01,1.257244184377822038e-01,4.912392584594685307e-02
1.120620620620620400e+01,1.257834389842952816e-01,4.911150771760429412e-02
1.118118118118118076e+01,1.258427299123350829e-01,4.910598222067581731e-02
1.115615615615615397e+01,1.259022930775222926e-01,4.910744265011579568e-02
1.113113113113113073e+01,1.259621303524414149e-01,4.911598291413754591e-02
1.110610610610610394e+01,1.260222436268345347e-01,4.913169752545432090e-02
1.108108108108108070e+01,1.260826348077976888e-01,4.915468159201197285e-02
1.105605605605605390e+01,1.261433058199799839e-01,4.918503080719785481e-02
1.103103103103103066e+01,1.262042586057852134e-01,4.922284143951015378e-02
1.100600600600600387e+01,1.262654951255767488e-01,4.926821032167234826e-02
1.098098098098098063e+01,1.263270173578847355e-01,4.932123483917572049e-02
1.095595595595595384e+01,1.263888272996164241e-01,4.938201291823376970e-02
1.093093093093093060e+01,1.264509269662694169e-01,4.945064301313130406e-02
1.090590590590590381e+01,1.265133183921478555e-01,4.952722409295085004e-02
1.088088088088088057e+01,1.265760036305815794e-01,4.961185562765810242e-02
1.085585585585585378e+01,1.266389847541483649e-01,4.970463757352892864e-02
1.083083083083083054e+01,1.267022638548993829e-01,4.980567035789860986e-02
1.080580580580580374e+01,1.267658430445876838e-01,4.991505486321438922e-02
1.078078078078078050e+01,1.268297244548998448e-01,5.003289241037200963e-02
1.075575575575575371e+01,1.268939102376912542e-01,5.015928474131646497e-02
1.073073073073073047e+01,1.269584025652241710e-01,5.029433400088577366e-02
1.070570570570570368e+01,1.270232036304096424e-01,5.043814271787815107e-02
1.068068068068068044e+01,1.270883156470526132e-01,5.059081378532054307e-02
1.065565565565565365e+01,1.271537408501005328e-01,5.075245043991689908e-02
1.063063063063063041e+01,1.272194814958955422e-01,5.092315624065432700e-02
1.060560560560560361e+01,1.272855398624304912e-01,5.110303504654464812e-02
1.058058058058058037e+01,1.273519182496080371e-01,5.129219099347721855e-02
1.055555555555555358e+01,1.274186189795042390e-01,5.149072847016129828e-02
1.053053053053053034e+01,1.274856443966352892e-01,5.169875209313187781e-02
1.050550550550550355e+01,1.275529968682284632e-01,5.191636668079627204e-02
1.048048048048048031e+01,1.276206787844969270e-01,5.214367722649501657e-02
1.045545545545545352e+01,1.276886925589184318e-01,5.238078887055279409e-02
1.043043043043043028e+01,1.277570406285181981e-01,5.262780687129224588e-02
1.040540540540540349e+01,1.278257254541557975e-01,5.288483657498520285e-02
1.038038038038038025e+01,1.278947495208162810e-01,5.315198338471363582e-02
1.035535535535535345e+01,1.279641153379056373e-01,5.342935272811309699e-02
1.033033033033033021e+01,1.280338254395505249e-01,5.371705002397060558e-02
1.030530530530530342e+01,1.281038823849023622e-01,5.401518064764848637e-02
1.028028028028028018e+01,1.281742887584459700e-01,5.432384989530461561e-02
1.025525525525525339e+01,1.282450471703128481e-01,5.464316294688061071e-02
1.023023023023023015e+01,1.283161602565989490e-01,5.497322482782648900e-02
1.020520520520520336e+01,1.283876306796872535e-01,5.531414036953224977e-02
1.018018018018018012e+01,1.284594611285751753e-01,5.566601416843448835e-02
1.015515515515515332e+01,1.285316543192068506e-01,5.602895054376723361e-02
1.013013013013013008e+01,1.286042129948102852e-01,5.640305349392338297e-02
1.010510510510510329e+01,1.286771399262397753e-01,5.678842665139594015e-02
1.008008008008008005e+01,1.287504379123232123e-01,5.718517323626361171e-02
1.005505505505505326e+01,1.288241097802149404e-01,5.759339600818960681e-02
1.003003003003003002e+01,1.288981583857536362e-01,5.801319721689614239e-02
1.000500500500500323e+01,1.289725866138259069e-01,5.844467855108326226e-02
9.979979979979979987e+00,1.290473973787350515e-01,5.888794108575366726e-02
9.954954954954953195e+00,1.291225936245759542e-01,5.934308522791030549e-02
9.929929929929929955e+00,1.291981783256151151e-01,5.981021066058810065e-02
9.904904904904903162e+00,1.292741544866769232e-01,6.028941628518479090e-02
9.879879879879879923e+00,1.293505251435357328e-01,6.078080016205274216e-02
9.854854854854853130e+00,1.294272933633139611e-01,6.128445944931444622e-02
9.829829829829829890e+00,1.295044622448862093e-01,6.180049033986229068e-02
9.804804804804803098e+00,1.295820349192899068e-01,6.232898799650633814e-02
9.779779779779779858e+00,1.296600145501420331e-01,6.287004648522791228e-02
9.754754754754753066e+00,1.297384043340626125e-01,6.342375870650279746e-02
9.729729729729729826e+00,1.298172075011044257e-01,6.399021632465051734e-02
9.704704704704703033e+00,1.298964273151898274e-01,6.456950969517320782e-02
9.679679679679679793e+00,1.299760670745541136e-01,6.516172779003960580e-02
9.654654654654653001e+00,1.300561301121961333e-01,6.576695812087673954e-02
9.629629629629629761e+00,1.301366197963355897e-01,6.638528666002442569e-02
9.604604604604602969e+00,1.302175395308779460e-01,6.701679775941409012e-02
9.579579579579579729e+00,1.302988927558864918e-01,6.766157406722728140e-02
9.554554554554552936e+00,1.303806829480620433e-01,6.831969644229415883e-02
9.529529529529529697e+00,1.304629136212299978e-01,6.899124386618682436e-02
9.504504504504502904e+00,1.305455883268354655e-01,6.967629335296754434e-02
9.479479479479479664e+00,1.306287106544461174e-01,7.037491985654704962e-02
9.454454454454452872e+00,1.307122842322631651e-01,7.108719617561147508e-02
9.429429429429429632e+00,1.307963127276405846e-01,7.181319285607334901e-02
9.404404404404402840e+00,1.308807998476126666e-01,7.255297809100630380e-02
9.379379379379379600e+00,1.309657493394299765e-01,7.330661761801665621e-02
9.354354354354352807e+00,1.310511649911043353e-01,7.407417461401358261e-02
9.329329329329329568e+00,1.311370506319622098e-01,7.485570958733039904e-02
9.304304304304302775e+00,1.312234101332074854e-01,7.565128026715819964e-02
9.279279279279279535e+00,1.313102474084931748e-01,7.646094149024686148e-02
9.254254254254252743e+00,1.313975664145026756e-01,7.728474508483298977e-02
9.229229229229229503e+00,1.314853711515404089e-01,7.812273975175124119e-02
9.204204204204202711e+00,1.315736656641323110e-01,7.897497094269023687e-02
9.179179179179179471e+00,1.316624540416361511e-01,7.984148073554891978e-02
9.154154154154152678e+00,1.317517404188620345e-01,8.072230770685685786e-02
9.129129129129129439e+00,1.318415289767030096e-01,8.161748680121505561e-02
9.104104104104102646e+00,1.319318239427765271e-01,8.252704919772185788e-02
9.079079079079079406e+00,1.320226295920760851e-01,8.345102217334324224e-02
9.054054054054052614e+00,1.321139502476343375e-01,8.438942896319237552e-02
9.029029029029029374e+00,1.322057902811969443e-01,8.534228861768086705e-02
9.004004004004002581e+00,1.322981541139078565e-01,8.630961585650834267e-02
8.978978978978979342e+00,1.323910462170061197e-01,8.729142091945478465e-02
8.953953953953952549e+00,1.324844711125347518e-01,8.828770941394625815e-02
8.928928928928929309e+00,1.325784333740610832e-01,8.929848215935934364e-02
8.903903903903902517e+00,1.326729376274099204e-01,9.032373502804000309e-02
8.878878878878879277e+00,1.327679885514088665e-01,9.136345878300441981e-02
8.853853853853852485e+00,1.328635908786464925e-01,9.241763891230164729e-02
8.828828828828829245e+00,1.329597493962434707e-01,9.348625546000965958e-02
8.803803803803802452e+00,1.330564689466371686e-01,9.456928285384916255e-02
8.778778778778779213e+00,1.331537544283793728e-01,9.566668972939078308e-02
8.753753753753752420e+00,1.332516107969482499e-01,9.677843875084587988e-02
8.728728728728729180e+00,1.333500430655740199e-01,9.790448642842107529e-02
8.703703703703702388e+00,1.334490563060793389e-01,9.904478293223389906e-02
8.678678678678679148e+00,1.335486556497339772e-01,1.001992719027741674e-01
8.653653653653652356e+00,1.336488462881247619e-01,1.013678902579160657e-01
8.628628628628625563e+00,1.337496334740405357e-01,1.025505679964728162e-01
8.603603603603602323e+00,1.338510225223729366e-01,1.037472279983051998e-01
8.578578578578575531e+00,1.339530188110327757e-01,1.049577858209868736e-01
8.553553553553552291e+00,1.340556277818828190e-01,1.061821494930405424e-01
8.528528528528525499e+00,1.341588549416871667e-01,1.074202193037641639e-01
8.503503503503502259e+00,1.342627058630772863e-01,1.086718875896646036e-01
8.478478478478475466e+00,1.343671861855356697e-01,1.099370385175323650e-01
8.453453453453452227e+00,1.344723016163965335e-01,1.112155478641827788e-01
8.428428428428425434e+00,1.345780579318651693e-01,1.125072827929108066e-01
8.403403403403402194e+00,1.346844609780550039e-01,1.138121016266958052e-01
8.378378378378375402e+00,1.347915166720438374e-01,1.151298536182155247e-01
8.353353353353352162e+00,1.348992310029490105e-01,1.164603787167218518e-01
8.328328328328325370e+00,1.350076100330221407e-01,1.178035073318484255e-01
8.303303303303302130e+00,1.351166598987636469e-01,1.191590600944197054e-01
8.278278278278275337e+00,1.352263868120580914e-01,1.205268476143477596e-01
8.253253253253252097e+00,1.353367970613297000e-01,1.219066702357016890e-01
8.228228228228225305e+00,1.354478970127196147e-01,1.232983177890539100e-01
8.203203203203202065e+00,1.355596931112846570e-01,1.247015693412076992e-01
8.178178178178175273e+00,1.356721918822182404e-01,1.261161929424289840e-01
8.153153153153152033e+00,1.357853999320939031e-01,1.275419453713057261e-01
8.128128128128125240e+00,1.358993239501321837e-01,1.289785718773830414e-01
8.103103103103102001e+00,1.360139707094908113e-01,1.304258059217160426e-01
8.078078078078075208e+00,1.361293470685792650e-01,1.318833689155139433e-01
8.053053053053051968e+00,1.362454599723980364e-01,1.333509699570432083e-01
8.028028028028025176e+00,1.363623164539028987e-01,1.348283055669869668e-01
8.003003003003001936e+00,1.364799236353951006e-01,1.363150594224575296e-01
7.977977977977975144e+00,1.365982887299379278e-01,1.378109020898869441e-01
7.952952952952951904e+00,1.367174190428000202e-01,1.393154907570227918e-01
7.927927927927925111e+00,1.368373219729264456e-01,1.408284689642841370e-01
7.902902902902901872e+00,1.369580050144375283e-01,1.423494663357388057e-01
7.877877877877875079e+00,1.370794757581570156e-01,1.438780983099916533e-01
7.852852852852851839e+00,1.372017418931687494e-01,1.454139658712771954e-01
7.827827827827825047e+00,1.373248112084045347e-01,1.469566552810874782e-01
7.802802802802801807e+00,1.374486915942616239e-01,1.485057378106656722e-01
7.777777777777775015e+00,1.375733910442524799e-01,1.500607694747353449e-01
7.752752752752751775e+00,1.376989176566861262e-01,1.516212907668408605e-01
7.727727727727724982e+00,1.378252796363826360e-01,1.531868263967107180e-01
7.702702702702701743e+00,1.379524852964210957e-01,1.547568850300660992e-01
7.677677677677674950e+00,1.380805430599222061e-01,1.563309590313333441e-01
7.652652652652651710e+00,1.382094614618655792e-01,1.579085242097331698e-01
7.627627627627624918e+00,1.383392491509435884e-01,1.594890395692563079e-01
7.602602602602601678e+00,1.384699148914515232e-01,1.610719470630519734e-01
7.577577577577574885e+00,1.386014675652159078e-01,1.626566713527947960e-01
7.552552552552551646e+00,1.387339161735606508e-01,1.642426195736142180e-01
7.527527527527524853e+00,1.388672698393134952e-01,1.658291811052125808e-01
7.502502502502501613e+00,1.390015378088521047e-01,1.674157273498173837e-01
7.477477477477474821e+00,1.391367294541919486e-01,1.690016115176591338e-01
7.452452452452451581e+00,1.392728542751160148e-01,1.705861684206864959e-01
7.427427427427424789e+00,1.394099219013482382e-01,1.721687142752803268e-01
7.402402402402401549e+00,1.395479420947708937e-01,1.737485465147493580e-01
7.377377377377374756e+00,1.396869247516876189e-01,1.753249436124433291e-01
7.352352352352351517e+00,1.398268799051324840e-01,1.768971649163423865e-01
7.327327327327324724e+00,1.399678177272271062e-01,1.784644504960393174e-01
7.302302302302301484e+00,1.401097485315860036e-01,1.800260210030543706e-01
7.277277277277274692e+00,1.402526827757720196e-01,1.815810775454819448e-01
7.252252252252251452e+00,1.403966310638027626e-01,1.831288015779977685e-01
7.227227227227224660e+00,1.405416041487094481e-01,1.846683548083162263e-01
7.202202202202201420e+00,1.406876129351490312e-01,1.861988791212153271e-01
7.177177177177174627e+00,1.408346684820715733e-01,1.877194965213158928e-01
7.152152152152151388e+00,1.409827820054434799e-01,1.892293090958308832e-01
7.127127127127124595e+00,1.411319648810287208e-01,1.907273989985689144e-01
7.102102102102101355e+00,1.412822286472286970e-01,1.922128284565123857e-01
7.077077077077074563e+00,1.414335850079827261e-01,1.936846398003581327e-01
7.052052052052051323e+00,1.415860458357307283e-01,1.951418555204506577e-01
7.027027027027024531e+00,1.417396231744390833e-01,1.965834783496034355e-01
7.002002002002001291e+00,1.418943292426917135e-01,1.980084913743525021e-01
6.976976976976974498e+00,1.420501764368483077e-01,1.994158581762537352e-01
6.951951951951951258e+00,1.422071773342701018e-01,2.008045230048816077e-01
6.926926926926924466e+00,1.423653446966167968e-01,2.021734109842631133e-01
6.901901901901901226e+00,1.425246914732147541e-01,2.035214283545259129e-01
6.876876876876874434e+00,1.426852308044991580e-01,2.048474627506144119e-01
6.851851851851851194e+00,1.428469760255318410e-01,2.061503835199802181e-01
6.826826826826824401e+00,1.430099406695966857e-01,2.074290420812262004e-01
6.801801801801801162e+00,1.431741384718744903e-01,2.086822723257369394e-01
6.776776776776774369e+00,1.433395833731997138e-01,2.099088910644041350e-01
6.751751751751751129e+00,1.435062895239006264e-01,2.111076985216083779e-01
6.726726726726724337e+00,1.436742712877257799e-01,2.122774788786950806e-01
6.701701701701701097e+00,1.438435432458581020e-01,2.134170008692362897e-01
6.676676676676674305e+00,1.440141202010200294e-01,2.145250184284445694e-01
6.651651651651651065e+00,1.441860171816710945e-01,2.156002713991597708e-01
6.626626626626624272e+00,1.443592494463009357e-01,2.166414862969018307e-01
6.601601601601601033e+00,1.445338324878201186e-01,2.176473771365373122e-01
6.576576576576574240e+00,1.447097820380512656e-01,2.186166463231748458e-01
6.551551551551551000e+00,1.448871140723234086e-01,2.195479856099590843e-01
6.526526526526524208e+00,1.450658448141721180e-01,2.204400771254957647e-01
6.501501501501500968e+00,1.452459907401481565e-01,2.212915944736905671e-01
6.476476476476474176e+00,1.454275685847381261e-01,2.221012039088432477e-01
6.451451451451450936e+00,1.456105953453992741e-01,2.228675655888820717e-01
6.426426426426424143e+00,1.457950882877123433e-01,2.235893349096767513e-01
6.401401401401400904e+00,1.459810649506552149e-01,2.242651639234041760e-01
6.376376376376374111e+00,1.461685431520010625e-01,2.248937028439848551e-01
6.351351351351350871e+00,1.463575409938436267e-01,2.254736016426351908e-01
6.326326326326324079e+00,1.465480768682543566e-01,2.260035117366138435e-01
6.301301301301300839e+00,1.467401694630737774e-01,2.264820877742547978e-01
6.276276276276274046e+00,1.469338377678418572e-01,2.269079895193997221e-01
6.251251251251250807e+00,1.471291010798703724e-01,2.272798838383423559e-01
6.226226226226224014e+00,1.473259790104620715e-01,2.275964467923991541e-01
6.201201201201200774e+00,1.475244914912799965e-01,2.278563658392051550e-01
6.176176176176173982e+00,1.477246587808720146e-01,2.280583421458133309e-01
6.151151151151150742e+00,1.479265014713538329e-01,2.282010930166389340e-01
6.126126126126123950e+00,1.481300404952563265e-01,2.282833544392466329e-01
6.101101101101100710e+00,1.483352971325408720e-01,2.283038837509152041e-01
6.076076076076073917e+00,1.485422930177879020e-01,2.282614624288404337e-01
6.051051051051050678e+00,1.487510501475633740e-01,2.281548990067457650e-01
6.026026026026023885e+00,1.489615908879690642e-01,2.279830321205612853e-01
6.001001001001000645e+00,1.491739379823808220e-01,2.277447336857042759e-01
5.975975975975973853e+00,1.493881145593813908e-01,2.274389122083457226e-01
5.950950950950950613e+00,1.496041441408925976e-01,2.270645162328795708e-01
5.925925925925923821e+00,1.498220506505134331e-01,2.266205379276157728e-01
5.900900900900900581e+00,1.500418584220696294e-01,2.261060168105014645e-01
5.875875875875873788e+00,1.502635922083814246e-01,2.255200436164271349e-01
5.850850850850850549e+00,1.504872771902551198e-01,2.248617643074012351e-01
5.825825825825823756e+00,1.507129389857065904e-01,2.241303842265685575e-01
5.800800800800800516e+00,1.509406036594219680e-01,2.233251723967120128e-01
5.775775775775773724e+00,1.511702977324640707e-01,2.224454659634954590e-01
5.750750750750750484e+00,1.514020481922311312e-01,2.214906747833024769e-01
5.725725725725723692e+00,1.516358825026758173e-01,2.204602861550619408e-01
5.700700700700700452e+00,1.518718286147922591e-01,2.193538696949648703e-01
5.675675675675673659e+00,1.521099149773797454e-01,2.181710823524279363e-01
5.650650650650650419e+00,1.523501705480907464e-01,2.169116735650769290e-01
5.625625625625623627e+00,1.525926248047730915e-01,2.155754905498745710e-01
5.600600600600600387e+00,1.528373077571142380e-01,2.141624837268325532e-01
5.575575575575573595e+00,1.530842499585984007e-01,2.126727122709875240e-01
5.550550550550550355e+00,1.533334825187845363e-01,2.111063497875163564e-01
5.525525525525523562e+00,1.535850371159173111e-01,2.094636901039885757e-01
5.500500500500500323e+00,1.538389460098794626e-01,2.077451531728184975e-01
5.475475475475473530e+00,1.540952420554984603e-01,2.059512910759600524e-01
5.450450450450450290e+00,1.543539587162162663e-01,2.040827941228243458e-01
5.425425425425423498e+00,1.546151300781366533e-01,2.021404970312182803e-01
5.400400400400400258e+00,1.548787908644593259e-01,2.001253851798905636e-01
5.375375375375373466e+00,1.551449764503154138e-01,1.980386009199317232e-01
5.350350350350350226e+00,1.554137228780163582e-01,1.958814499308891566e-01
5.325325325325323433e+00,1.556850668727296771e-01,1.936554076059471552e-01
5.300300300300300194e+00,1.559590458585956019e-01,1.913621254489580870e-01
5.275275275275273401e+00,1.562356979752992925e-01,1.890034374644113668e-01
5.250250250250250161e+00,1.565150620951131222e-01,1.865813665196742743e-01
5.225225225225223369e+00,1.567971778404252392e-01,1.840981306569412224e-01
5.200200200200200129e+00,1.570820856017694500e-01,1.815561493303747276e-01
5.175175175175173337e+00,1.573698265563747978e-01,1.789580495418229555e-01
5.150150150150150097e+00,1.576604426872503795e-01,1.763066718463325855e-01
5.125125125125123304e+00,1.579539768028251079e-01,1.736050761963693068e-01
5.100100100100100065e+00,1.582504725571599047e-01,1.708565475912841025e-01
5.075075075075073272e+00,1.585499744707525860e-01,1.680646014960409385e-01
5.050050050050050032e+00,1.588525279519551470e-01,1.652329889906414551e-01
5.025025025025023240e+00,1.591581793190250671e-01,1.623657016089483374e-01
5.000000000000000000e+00,1.594669758228315637e-01,1.594669758228315914e-01
